{
  "overall_metrics": {
    "mae": 57.87350995063782,
    "rmse": 90.35712472574939,
    "mape": 142.69580580327371,
    "correlation": 0.9630765284297841
  },
  "density_analysis": {
    "low": {
      "count": 54,
      "mae": 15.419245190090603,
      "rmse": 15.840291799178061,
      "mape": 290.57938790195203
    },
    "medium": {
      "count": 66,
      "mae": 31.141052563985188,
      "rmse": 39.11685636790286,
      "mape": 128.261633491321
    },
    "high": {
      "count": 80,
      "mae": 108.5844160079956,
      "rmse": 137.7653856339904,
      "mape": 54.78258004402685
    }
  },
  "dataset_info": {
    "eval_size": 200,
    "gt_min": 3,
    "gt_max": 2256,
    "pred_min": 16.995792388916016,
    "pred_max": 1879.099853515625
  }
}