{
  "overall_metrics": {
    "mae": 61.913748054504396,
    "rmse": 94.75321617140467,
    "mape": 150.60109188403987,
    "correlation": 0.9675753673448247
  },
  "density_analysis": {
    "low": {
      "count": 55,
      "mae": 16.384675147316674,
      "rmse": 16.830521135773697,
      "mape": 305.4094043514257
    },
    "medium": {
      "count": 59,
      "mae": 30.465999312319997,
      "rmse": 40.45856917737127,
      "mape": 119.26810780921625
    },
    "high": {
      "count": 86,
      "mae": 112.60579672525095,
      "rmse": 139.91184464123256,
      "mape": 73.09166019460234
    }
  },
  "dataset_info": {
    "eval_size": 200,
    "gt_min": 2,
    "gt_max": 2153,
    "pred_min": 16.069028854370117,
    "pred_max": 1965.9547119140625
  }
}