{
  "overall_metrics": {
    "mae": 34.585982837677,
    "rmse": 86.13410265616037,
    "mape": 36.672146576296456,
    "correlation": 0.9529922965837508
  },
  "density_analysis": {
    "low": {
      "count": 52,
      "mae": 1.9334761546208308,
      "rmse": 2.3716608172529345,
      "mape": 42.84642300762974
    },
    "medium": {
      "count": 63,
      "mae": 9.554108725653755,
      "rmse": 11.820440827414041,
      "mape": 44.18889952242446
    },
    "high": {
      "count": 85,
      "mae": 73.11467009151683,
      "rmse": 131.718134980339,
      "mape": 27.323701752350637
    }
  },
  "dataset_info": {
    "eval_size": 200,
    "gt_min": 2,
    "gt_max": 2261,
    "pred_min": 6.278589248657227,
    "pred_max": 2175.7861328125
  }
}